<?xml version="1.0" encoding="UTF-8"?><?xml-stylesheet type='text/xsl' href='_UpgradeReport_Files/UpgradeReport.xslt'?><UpgradeLog>
<Properties><Property Name="Solution" Value="PIDADJ">
</Property><Property Name="解决方案文件" Value="E:\balace car\vs2008\PIDADJ\PIDADJ.sln">
</Property><Property Name="用户选项文件" Value="E:\balace car\vs2008\PIDADJ\PIDADJ.suo">
</Property><Property Name="Date" Value="2014年8月5日">
</Property><Property Name="Time" Value="11:50">
</Property></Properties><Event ErrorLevel="0" Project="" Source="PIDADJ.sln" Description="文件已成功备份为 E:\balace car\vs2008\PIDADJ\PIDADJ.sln.old">
</Event><Event ErrorLevel="0" Project="" Source="PIDADJ.suo" Description="文件已成功备份为 E:\balace car\vs2008\PIDADJ\PIDADJ.suo.old">
</Event><Event ErrorLevel="0" Project="PIDADJ" Source="PIDADJ\PIDADJ.vcproj" Description="Converting project file 'E:\balace car\vs2008\PIDADJ\PIDADJ\PIDADJ.vcproj'.">
</Event><Event ErrorLevel="1" Project="PIDADJ" Source="PIDADJ\PIDADJ.vcproj" Description="VCWebServiceProxyGeneratorTool is no longer supported. The tool has been removed from your project settings.">
</Event><Event ErrorLevel="0" Project="PIDADJ" Source="PIDADJ\PIDADJ.vcproj" Description="Done converting to new project file 'E:\balace car\vs2008\PIDADJ\PIDADJ\PIDADJ.vcxproj'.">
</Event><Event ErrorLevel="3" Project="PIDADJ" Source="PIDADJ\PIDADJ.vcproj" Description="Converted">
</Event><Event ErrorLevel="0" Project="" Source="PIDADJ.sln" Description="成功转换解决方案">
</Event><Event ErrorLevel="3" Project="" Source="PIDADJ.sln" Description="Converted">
</Event></UpgradeLog>